[
  {"model": "library_managements.book", "pk": 1, "fields": {"title": "Kafka on the Shore", "author": 1, "genre": 1, "published_date": "2002-09-12", "description": "A metaphysical mind-bender."}},
  {"model": "library_managements.book", "pk": 2, "fields": {"title": "Harry Potter and the Philosopher's Stone", "author": 2, "genre": 2, "published_date": "1997-06-26", "description": "Boy discovers he is a wizard."}},
  {"model": "library_managements.book", "pk": 3, "fields": {"title": "1984", "author": 3, "genre": 3, "published_date": "1949-06-08", "description": "Big Brother is watching you."}}
]
